{"cameraMode":{"drawMode":0,"name":"Shaded","section":"Shading Mode"},"sceneLighting":true,"audioPlay":false,"sceneViewState":{"showFog":true,"showMaterialUpdate":false,"showSkybox":true,"showFlares":true,"showImageEffects":true,"showParticleSystems":true},"in2DMode":false,"pivot":{"x":32.49763488769531,"y":8.379802703857422,"z":15.282340049743653},"rotation":{"x":0.009254262782633305,"y":0.6593315005302429,"z":-0.008116548880934716,"w":0.7517521381378174},"size":10.0,"orthographic":false}