{"cameraMode":{"drawMode":0,"name":"Shaded","section":"Shading Mode"},"sceneLighting":true,"audioPlay":false,"sceneViewState":{"showFog":true,"showMaterialUpdate":false,"showSkybox":true,"showFlares":true,"showImageEffects":true,"showParticleSystems":true},"in2DMode":false,"pivot":{"x":-367.4753112792969,"y":-415.0086975097656,"z":585.0479125976563},"rotation":{"x":-0.3242935538291931,"y":0.016753820702433587,"z":-0.00575347151607275,"w":-0.945818305015564},"size":1056.126953125,"orthographic":false}