{"cameraMode":{"drawMode":0,"name":"Shaded","section":"Shading Mode"},"sceneLighting":false,"audioPlay":false,"sceneViewState":{"showFog":true,"showMaterialUpdate":false,"showSkybox":false,"showFlares":true,"showImageEffects":true,"showParticleSystems":true},"in2DMode":false,"pivot":{"x":-329.27740478515627,"y":122.59744262695313,"z":-115.51219940185547},"rotation":{"x":-0.3526575565338135,"y":-0.32653945684432986,"z":0.1340446174144745,"w":-0.8666819334030151},"size":1.2247449159622193,"orthographic":false}