{"cameraMode":{"drawMode":0,"name":"Shaded","section":"Shading Mode"},"sceneLighting":true,"audioPlay":false,"sceneViewState":{"showFog":true,"showMaterialUpdate":false,"showSkybox":true,"showFlares":true,"showImageEffects":true,"showParticleSystems":true},"in2DMode":false,"pivot":{"x":-324.59600830078127,"y":270.2732238769531,"z":316.62445068359377},"rotation":{"x":0.4035238027572632,"y":-0.09170858561992645,"z":0.0406913124024868,"w":0.9094526171684265},"size":10.0,"orthographic":true}