{"cameraMode":{"drawMode":0,"name":"Shaded","section":"Shading Mode"},"sceneLighting":false,"audioPlay":false,"sceneViewState":{"showFog":true,"showMaterialUpdate":false,"showSkybox":false,"showFlares":true,"showImageEffects":true,"showParticleSystems":true},"in2DMode":false,"pivot":{"x":-308.8569030761719,"y":121.63812255859375,"z":-116.8542709350586},"rotation":{"x":-0.03547229990363121,"y":-0.7253648042678833,"z":-0.0374901108443737,"w":0.6864429116249085},"size":1.2247449159622193,"orthographic":false}