{"cameraMode":{"drawMode":0,"name":"Shaded","section":"Shading Mode"},"sceneLighting":true,"audioPlay":false,"sceneViewState":{"showFog":true,"showMaterialUpdate":false,"showSkybox":true,"showFlares":true,"showImageEffects":true,"showParticleSystems":true},"in2DMode":false,"pivot":{"x":3097.613525390625,"y":199.90234375,"z":809.7673950195313},"rotation":{"x":-0.35955652594566347,"y":-0.011478640139102936,"z":0.0043860613368451599,"w":-0.9330772161483765},"size":527.7221069335938,"orthographic":false}