{"cameraMode":{"drawMode":0,"name":"Shaded","section":"Shading Mode"},"sceneLighting":false,"audioPlay":false,"sceneViewState":{"showFog":true,"showMaterialUpdate":false,"showSkybox":false,"showFlares":true,"showImageEffects":true,"showParticleSystems":true},"in2DMode":false,"pivot":{"x":64.69999694824219,"y":-24.333251953125,"z":22.03558349609375},"rotation":{"x":-0.2967785596847534,"y":0.26169902086257937,"z":-0.08493123948574066,"w":-0.9144839644432068},"size":2.872281312942505,"orthographic":false}