{"cameraMode":{"drawMode":0,"name":"Shaded","section":"Shading Mode"},"sceneLighting":true,"audioPlay":false,"sceneViewState":{"showFog":true,"showMaterialUpdate":false,"showSkybox":true,"showFlares":true,"showImageEffects":true,"showParticleSystems":true},"in2DMode":false,"pivot":{"x":-269.1255798339844,"y":931.68017578125,"z":-66.5107421875},"rotation":{"x":0.5554356575012207,"y":-0.1760292649269104,"z":0.12174347043037415,"w":0.8035794496536255},"size":70.02960205078125,"orthographic":false}