{"cameraMode":{"drawMode":0,"name":"Shaded","section":"Shading Mode"},"sceneLighting":true,"audioPlay":false,"sceneViewState":{"showFog":true,"showMaterialUpdate":true,"showSkybox":true,"showFlares":true,"showImageEffects":true,"showParticleSystems":true},"in2DMode":false,"pivot":{"x":2810.767822265625,"y":552.2479248046875,"z":285.87493896484377},"rotation":{"x":-0.24560552835464478,"y":-0.7024340033531189,"z":0.2892565131187439,"w":-0.6024534106254578},"size":1.2792953252792359,"orthographic":false}