{"cameraMode":{"drawMode":0,"name":"Shaded","section":"Shading Mode"},"sceneLighting":false,"audioPlay":false,"sceneViewState":{"showFog":true,"showMaterialUpdate":false,"showSkybox":false,"showFlares":true,"showImageEffects":true,"showParticleSystems":true},"in2DMode":false,"pivot":{"x":890.4201049804688,"y":451.56536865234377,"z":63.57121658325195},"rotation":{"x":-0.3814154267311096,"y":-0.5643326640129089,"z":0.3296104669570923,"w":-0.6538654565811157},"size":973.1388549804688,"orthographic":false}