{"cameraMode":{"drawMode":0,"name":"Shaded","section":"Shading Mode"},"sceneLighting":false,"audioPlay":false,"sceneViewState":{"showFog":true,"showMaterialUpdate":false,"showSkybox":false,"showFlares":true,"showImageEffects":true,"showParticleSystems":true},"in2DMode":false,"pivot":{"x":2779.71484375,"y":611.0110473632813,"z":364.6580810546875},"rotation":{"x":-0.25139114260673525,"y":-0.6380651593208313,"z":0.2329636812210083,"w":-0.689592182636261},"size":3.0792951583862306,"orthographic":false}