{"cameraMode":{"drawMode":0,"name":"Shaded","section":"Shading Mode"},"sceneLighting":false,"audioPlay":false,"sceneViewState":{"showFog":true,"showMaterialUpdate":true,"showSkybox":false,"showFlares":true,"showImageEffects":true,"showParticleSystems":true},"in2DMode":false,"pivot":{"x":8.365022659301758,"y":27.694379806518556,"z":-22.649600982666017},"rotation":{"x":0.34254005551338198,"y":0.3295767605304718,"z":-0.1296917349100113,"w":0.870255172252655},"size":0.8660253882408142,"orthographic":false}